"site","dist","age","education","PC1","PC2","id","tlu","teviala1","teviala2","rice_proj","site2"
"Ampahitra",-1.703,0.8,0,-0.722964856593394,-0.331401886489021,"AMP001",0.01,-3048.658453888,-12646.0130921748,3320.06878779407,"REDD+ project
with safeguard"
"Ampahitra",-2.713,0.2,0,0.148180927699906,1.16687225677987,"AMP003",0.1,97.8975202326645,-8033.87699436415,3687.25104327149,"REDD+ project
with safeguard"
"Ampahitra",-1.279,0.5,0,1.05482439845763,1.4158443909113,"AMP004",2.32,-1364.05288167989,-6580.10787467236,3874.75075698999,"REDD+ project
with safeguard"
"Ampahitra",-1.332,0.1,0,-0.546524331584131,-0.214404624560252,"AMP005",0.44,1270.56094613521,-2426.62352292757,2344.81164902883,"REDD+ project
with safeguard"
"Ampahitra",-2.357,0.8,0,-0.647306957022098,1.6939845348052,"AMP008",0,-1946.66785852915,-15369.4074612527,4876.14190726115,"REDD+ project
with safeguard"
"Ampahitra",-0.705,0.4,0,-0.598547048226585,0.927623628156604,"AMP010",0,2824.77296442885,-9612.3541973179,3820.60278231377,"REDD+ project
with safeguard"
"Ampahitra",-1.596,0.1,0,-0.167163795059536,1.02933639066415,"AMP011",0.05,-3044.69338213605,-11328.6676783215,3513.85459020098,"REDD+ project
with safeguard"
"Ampahitra",-2.39,0.2,0,-0.0429800112878993,1.00168248374135,"AMP014",0.13,-1001.74647306019,-13050.0485236061,3776.1683371895,"REDD+ project
with safeguard"
"Ampahitra",-0.644,0.5,1,-0.473977293506512,1.26617974967639,"AMP015",0.3,2082.20423616,-1414.06200409752,5438.05404978243,"REDD+ project
with safeguard"
"Ampahitra",-1.112,0.3,0,2.44889438428239,-3.72616903265985,"AMP016",0.12,-1777.68281299962,-14550.2162159157,3009.96877347533,"REDD+ project
with safeguard"
"Ampahitra",-2.949,0.1,0,-1.06039876918641,-0.159591115989848,"AMP018",0.02,-902.275587727536,-11681.2242442941,2326.77648350686,"REDD+ project
with safeguard"
"Ampahitra",-0.772,0.5,0,-1.40064207687718,0.00511173053086367,"AMP020",0.01,-1782.26479929689,-11119.5032945572,3184.35272882842,"REDD+ project
with safeguard"
"Ampahitra",-1.336,0.1,0,0.234739344047825,1.58095549922695,"AMP022",0.02,-933.964241979936,-12601.8639182528,4038.10900644356,"REDD+ project
with safeguard"
"Ampahitra",-0.91,0.5,1,-1.20357941576464,0.197671926776322,"AMP024",0,23.3971931414539,-779.617060628001,4777.10237042439,"REDD+ project
with safeguard"
"Ampahitra",-1.074,0.6,0,1.36642814409354,1.27866629652066,"AMP025",4.8,-1100.00337506708,-7923.42702132568,3927.89446057741,"REDD+ project
with safeguard"
"Ampahitra",-1.41,1,0,1.8580845155878,2.61149665304491,"AMP026",4.34,-590.69884795374,-8430.42291324448,4414.48390616043,"REDD+ project
with safeguard"
"Ampahitra",-0.076,2,0,0.493204191895753,1.03914044672689,"AMP028",0.1,-946.798132723173,-4764.420058219,3246.98434710643,"REDD+ project
with safeguard"
"Ampahitra",-0.061,0.2,1,0.985662878154242,1.30632646598881,"AMP031",0.02,6843.40780573284,-2238.21351841985,4827.92877874579,"REDD+ project
with safeguard"
"Ampahitra",-0.079,0.6,0,-0.543494360738582,0.194321407589038,"AMP032",0.07,640.40075137047,-8237.18323901976,3085.39361541741,"REDD+ project
with safeguard"
"Ampahitra",-0.111,1,0,-0.33429292936319,0.00409457831672516,"AMP034",0.56,-1619.53476055594,-6760.8003951319,3387.77885263664,"REDD+ project
with safeguard"
"Ampahitra",0.086,1.6,0,-0.659249959216964,0.243299086447224,"AMP036",0.05,-1431.63369471803,-6377.29508949071,2926.16395733647,"REDD+ project
with safeguard"
"Ampahitra",0.081,1,0,-1.20357941576464,0.197671926776322,"AMP037",0,-737.585205330303,-7472.76228635389,2775.69051267295,"REDD+ project
with safeguard"
"Ampahitra",-0.998,0.7,0,-0.0306875570707948,1.77568881179039,"AMP039",0.63,-2400.57980032479,-9686.02733430756,3707.57998364842,"REDD+ project
with safeguard"
"Ampahitra",-0.905,3.9,0,0.37476077180553,1.95860520262827,"AMP041",0.43,3152.91244973304,-3138.82201065852,4409.06270499984,"REDD+ project
with safeguard"
"Ampahitra",0.146,1.1,0,-0.777814952793097,0.285168841326947,"AMP043",0.01,-1247.85194734149,-4031.40694947741,3175.15119590113,"REDD+ project
with safeguard"
"Ampahitra",0.074,2.4,1,0.565198676230516,0.117850072463216,"AMP045",0.03,2578.82942311308,-544.218046920745,5037.78513143743,"REDD+ project
with safeguard"
"Ampahitra",0.515,0.3,1,-1.02707199896183,-0.440506056690886,"AMP047",0.04,2323.5245046438,-1125.11305326176,4258.09215440658,"REDD+ project
with safeguard"
"Ampahitra",0.094,0.8,0,0.513605752251226,0.713085272872753,"AMP049",0.05,3189.23671011576,-4429.83334852357,2962.74544729186,"REDD+ project
with safeguard"
"Ampahitra",-0.491,0.4,1,-2.27264147634291,1.28496732112777,"AMP051",0,345.689709502452,-1818.43385470306,4930.54283713835,"REDD+ project
with safeguard"
"Ampahitra",-0.115,1.8,1,0.00342391515905201,-0.154561616932426,"AMP053",0.53,4202.65314111187,-1743.34684639254,4815.95568993326,"REDD+ project
with safeguard"
"Ampahitra",0.238,1.4,0,-1.62512978608956,0.12083689819339,"AMP056",0.02,3723.08714054716,-1138.45204431142,2764.04089794201,"REDD+ project
with safeguard"
"Ampahitra",-0.075,1.1,0,-1.40121247634775,0.34551429250599,"AMP057",0.81,-11.9376965310676,-6611.31390193083,3253.70405422142,"REDD+ project
with safeguard"
"Ampahitra",0.114,0.1,0,-1.24734561552759,-0.314119003060667,"AMP060",0.08,-946.929457009104,-6634.02046761632,2724.08973485607,"REDD+ project
with safeguard"
"Ampahitra",2.481,3.4,0,-0.401718411709224,-0.166495597166362,"AMP061",0.08,1541.67313289008,-1421.92871600646,2859.86341261869,"REDD+ project
with safeguard"
"Ampahitra",2.555,4.5,0,-1.25436910327197,-0.331888813006822,"AMP062",0.03,3440.33314865879,-1942.19176418215,3025.61299391053,"REDD+ project
with safeguard"
"Ampahitra",1.673,1.5,0,0.0693647310158226,-0.182753021277205,"AMP066",0.13,2892.38635022116,-3076.5774666235,2869.43830800075,"REDD+ project
with safeguard"
"Ampahitra",-0.048,0.2,0,-0.922168009926017,-0.151705403020337,"AMP068",0.2,-1469.25305473625,-7146.30429805098,2967.48306202771,"REDD+ project
with safeguard"
"Ampahitra",2.985,0.4,0,2.41881974778607,2.90538071730239,"AMP069",4.3,4458.62375249857,-1223.47128610737,3936.78903231867,"REDD+ project
with safeguard"
"Ampahitra",3.934,3,0,3.815153735356,5.8661995454396,"AMP073",14.23,6579.0507123395,-386.4713918333,3735.28089509131,"REDD+ project
with safeguard"
"Ampahitra",1.502,0.7,0,-0.652275378806639,1.53459374271178,"AMP075",0.03,5312.07684304181,-3044.34573101723,3061.23127591103,"REDD+ project
with safeguard"
"Ampahitra",1.455,1.4,0,1.22983488751759,1.76489631400461,"AMP077",0.28,1313.78141882094,-5570.42566494388,3411.64538581931,"REDD+ project
with safeguard"
"Ampahitra",1.104,1.4,0,0.336815403519186,1.33810868108994,"AMP078",0.03,1727.24495253422,-5209.31540742872,3772.54275292382,"REDD+ project
with safeguard"
"Ampahitra",4.728,1.9,0,0.51423083341416,2.00545295731526,"AMP083",0.01,3651.65331279018,-195.461661716676,3034.69076204439,"REDD+ project
with safeguard"
"Ampahitra",2.388,2.5,0,-0.64866274723692,0.416905726497562,"AMP085",0.06,2762.2950399094,-2738.24756110533,3225.68830169056,"REDD+ project
with safeguard"
"Ampahitra",3.255,0.4,0,-1.0491611887954,-0.131159420076,"AMP087",0.1,3082.54755983416,-1083.15363895453,1893.79476783356,"REDD+ project
with safeguard"
"Ampahitra",2.55,0.2,0,1.11088392299302,1.44055604044175,"AMP088",0.02,3211.46486612402,-421.972544861024,2882.57001229903,"REDD+ project
with safeguard"
"Ampahitra",3.17,1.2,0,0.0871105802277911,0.640877234456998,"AMP091",0.06,1584.16882754269,-1427.70683416879,2413.00851417651,"REDD+ project
with safeguard"
"Ampahitra",2.878,1.7,0,0.0884663704426137,1.91795604276463,"AMP093",0,4880.70920262451,-661.282586032193,2701.87116289897,"REDD+ project
with safeguard"
"Ampahitra",2.424,0.1,0,0.0552508637335149,0.536882604226462,"AMP096",0.42,4234.54004465133,-1025.18370379541,1656.51386240334,"REDD+ project
with safeguard"
"Ampahitra",0.661,1.8,0,0.0862025671356303,-0.664645025235528,"AMP097",0.12,1246.93290160205,-4223.35260951875,2981.18493884239,"REDD+ project
with safeguard"
"Ampahitra",2.424,1.4,0,0.830931378254251,2.14511248505682,"AMP099",5.16,4979.61430313018,-2672.58634172665,3864.61968707413,"REDD+ project
with safeguard"
"Ampahitra",2.083,2.5,1,1.01616121995957,1.68950811199877,"AMP102",1.65,5591.84163313636,-143.806029784471,4982.36306384411,"REDD+ project
with safeguard"
"Ampahitra",2.424,1,0,-0.389125041103396,1.13901490705512,"AMP103",0.1,3621.26879907987,-553.218125940666,3384.36447798999,"REDD+ project
with safeguard"
"Ampahitra",-0.414,0.4,0,-0.277300603342415,1.09252991747926,"AMP106",0.07,-1376.70878619128,-7098.27533048876,3939.24953918987,"REDD+ project
with safeguard"
"Ampahitra",0.321,0.2,0,-1.08501442218851,0.155802171896598,"AMP108",0.04,-598.188279700279,-6507.85651890614,3032.02451934101,"REDD+ project
with safeguard"
"Ampahitra",-0.447,0.2,0,-1.51499297780668,0.0576433713782801,"AMP111",0,-2339.72121913542,-11140.7915644997,2857.50319474206,"REDD+ project
with safeguard"
"Ampahitra",0.518,0.1,0,-1.3992373793283,0.00866569252009466,"AMP115",0.02,-1684.3395176953,-2652.61297768399,2663.56265773884,"REDD+ project
with safeguard"
"Ampahitra",0.364,2.6,0,-0.850693830133995,0.0649547381586894,"AMP116",0.1,6724.85423599785,-194.693337657414,2826.80438319392,"REDD+ project
with safeguard"
"Ampahitra",1.276,1.5,0,-1.10606635095495,0.627032289887228,"AMP119",0.02,-130.22239882674,-4008.60139803528,2942.66480707316,"REDD+ project
with safeguard"
"Ampahitra",1.424,4.1,0,0.289743124201775,2.12117812497778,"AMP122",0.02,5948.74354902663,-62.6091131430307,4038.09075363468,"REDD+ project
with safeguard"
"Ampahitra",0.076,0.1,0,0.00206881368321116,1.83517643306448,"AMP125",1.45,5322.23525690501,-212.033457559919,3281.09601286276,"REDD+ project
with safeguard"
"Ampahitra",0.074,0.3,0,0.0587286117017257,0.917165184990859,"AMP127",0.05,-1471.38126919864,-525.212367966108,2888.90970112277,"REDD+ project
with safeguard"
"Ampahitra",0.921,1,0,-0.489165067936418,1.91144525373433,"AMP128",1.8,56.4743470261466,-4010.44531129136,3092.45372996871,"REDD+ project
with safeguard"
"Ampahitra",0.025,0.7,0,-1.96425132816068,0.27593913145331,"AMP131",0.04,3307.07735748286,-1247.29548874233,2292.97121974891,"REDD+ project
with safeguard"
"Ampahitra",0.91,4.3,0,0.295307516477544,-1.94825802062361,"AMP132",0.04,3642.29473761813,-174.721257067728,2414.87369744282,"REDD+ project
with safeguard"
"Ampahitra",0.591,1.3,1,-0.891264663850752,-0.0735182392572556,"AMP133",0.42,4784.59786944555,-7.23616352057981,3195.31397486167,"REDD+ project
with safeguard"
"Ampahitra",0.086,0.6,0,0.689480413402037,0.803773384301478,"AMP136",0.52,-637.360314333175,-6773.64146043409,3022.57844158996,"REDD+ project
with safeguard"
"Ampahitra",0.063,0.8,0,0.682677501405456,1.18762168252615,"AMP137",0.08,139.977838584789,-6475.36906335885,3700.62998930395,"REDD+ project
with safeguard"
"Ampahitra",-0.019,0.2,0,-1.45002706683563,-0.520895047263049,"AMP139",0.05,-522.13540450562,-9131.90456858073,2897.69039260208,"REDD+ project
with safeguard"
"Ampahitra",0.095,1.1,0,1.17516950361265,-0.776027295737816,"AMP141",0,2900.62685261592,-7855.28828373567,2739.94600207945,"REDD+ project
with safeguard"
"Ampahitra",0.095,2.9,0,0.747238958113782,0.920267693038371,"AMP142",2.13,-766.583000682646,-6290.12926213372,3640.22496846633,"REDD+ project
with safeguard"
"Ampahitra",-0.101,1.5,0,0.780687800679073,0.321203694840431,"AMP145",0.76,1212.70910572653,-2623.50195611796,3268.83843296663,"REDD+ project
with safeguard"
"Ampahitra",0.169,0.3,0,-0.337923173691868,0.538091443771502,"AMP147",0.03,-511.682699073413,-36.9294854571059,3101.28738726599,"REDD+ project
with safeguard"
"Ampahitra",-0.066,0.3,0,-0.908592930500747,0.94400394451483,"AMP149",2.1,3163.52216227375,-663.294855806262,2622.18681110619,"REDD+ project
with safeguard"
"Ampahitra",-1.042,0.8,0,-0.887951761075977,0.348362368142057,"AMP152",0.03,-1951.57622083452,-6449.48947414473,3405.79782938994,"REDD+ project
with safeguard"
"Ampahitra",-0.17,0.2,0,-0.555351247934215,1.77981711996872,"AMP153",0.72,271.765712903534,-615.96530872821,3974.69588454385,"REDD+ project
with safeguard"
"Ampahitra",-1.081,0.9,0,-0.766148078593726,0.962551543452033,"AMP155",2.31,5002.34890950901,-21.060169017477,3947.02403566087,"REDD+ project
with safeguard"
"Ampahitra",-2.173,0.6,0,0.759476231783728,1.25724783318833,"AMP157",3.63,-2578.41647828011,-12516.3577797143,3919.24754000163,"REDD+ project
with safeguard"
"Ampahitra",-0.149,0.5,0,-1.51218358270893,0.0647512953567421,"AMP158",0.02,1457.98186819456,-270.163573380051,2897.59582289061,"REDD+ project
with safeguard"
"Ampahitra",-1.1,0.7,0,0.160486142025404,-0.440876960078039,"AMP159",0.04,-701.777941715068,-8631.96125325733,3188.51710013885,"REDD+ project
with safeguard"
"Ampahitra",-1.371,0.6,0,-1.60827341550306,0.163484442064161,"AMP160",0.14,2239.41770248025,-117.43838936224,3549.57556170151,"REDD+ project
with safeguard"
"Ampahitra",1.801,0.7,0,-1.39261889585386,0.33142998471313,"AMP164",1.48,2784.49653521756,-1673.26110103905,2973.39414775497,"REDD+ project
with safeguard"
"Ampahitra",1.655,1.8,0,-0.586812233371661,-0.339723026726175,"AMP165",0.74,2915.47991727647,-16.1731989690361,3629.76486053658,"REDD+ project
with safeguard"
"Ampahitra",2.435,0.1,0,-1.19796062556914,0.211887774733246,"AMP169",0.04,453.210703977114,-1942.31140074784,2906.06306750551,"REDD+ project
with safeguard"
"Ampahitra",0.578,0.4,0,-0.907102307836821,-0.478821849581378,"AMP170",0.09,-2094.24353648586,-137.743145786544,2628.59486148633,"REDD+ project
with safeguard"
"Ampahitra",1.314,0.1,0,-0.230725008481719,1.61142877129471,"AMP172",0.01,-687.952862178558,-3008.95326717892,3508.891079618,"REDD+ project
with safeguard"
"Ampahitra",2.575,0.9,0,-1.08220502709076,0.16291009587506,"AMP173",0.06,1840.32374608344,-4899.25909804831,3104.37472056196,"REDD+ project
with safeguard"
"Ampahitra",2.293,0.8,0,-1.56578266531401,-0.471917368404864,"AMP174",0.03,1341.15095837523,-3184.64166640736,2629.95593508855,"REDD+ project
with safeguard"
"Ampahitra",0.971,0.5,0,-0.791027630203553,0.593585745398995,"AMP176",0.72,5855.96903947654,-200.901440496785,2976.93581985774,"REDD+ project
with safeguard"
"Ampahitra",1.882,1.4,0,-1.30247864365652,0.289297149505279,"AMP179",0.1,4517.04453916445,-3076.80360307446,2445.69042111684,"REDD+ project
with safeguard"
"Ampahitra",1.017,0.3,0,-1.74088538456795,0.169814577051575,"AMP180",0,14.8396654163493,-2070.34033675744,2752.8534917055,"REDD+ project
with safeguard"
"Ampahitra",0.979,0.2,0,-1.14525102158953,-0.0324262733685805,"AMP184",0.22,-857.478611287364,-1660.18405795267,2928.0690585049,"REDD+ project
with safeguard"
"Ampahitra",1.306,0.2,0,-0.86407190274509,0.408779721958983,"AMP187",0.2,-813.801056558842,-5371.47396369831,3000.01393756003,"REDD+ project
with safeguard"
"Ampahitra",1.321,1.1,0,-0.0447521453185107,1.15645804113864,"AMP188",0.03,1197.74180665112,-2703.88257539359,3227.78358800941,"REDD+ project
with safeguard"
"Ampahitra",2.298,1.6,0,-0.16916995368532,-0.102567473506989,"AMP189",0.04,-1308.01727769358,-378.743295500714,2165.42588905434,"REDD+ project
with safeguard"
"Ampahitra",1.255,1,0,-0.161950009133968,1.34854672086796,"AMP192",1.5,4119.3930121535,-159.902883167226,3080.00258882204,"REDD+ project
with safeguard"
"Ampahitra",1.003,1.4,0,-0.291512690259184,-1.35848336982549,"AMP194",0.1,584.57738237814,-6801.52362201989,2063.25624801398,"REDD+ project
with safeguard"
"Ampahitra",2.271,0.7,0,-0.762584354358061,1.11838837355622,"AMP196",2.27,338.590481092775,-9492.36369198039,3537.47870368406,"REDD+ project
with safeguard"
"Ampahitra",0.985,1.8,0,-0.173929657409293,-0.0146253675599939,"AMP197",2.68,1174.74486825151,-2558.28510598738,3080.66459942196,"REDD+ project
with safeguard"
"Ampahitra",-0.379,1.3,0,-0.135843183460739,-0.383482414208027,"AMP200",0.06,-617.729563868827,-7267.30430420009,3233.61566056871,"REDD+ project
with safeguard"
"Ampahitra",0.455,1.5,0,0.215348816517145,1.08869923385916,"AMP201",3.06,2008.54509339745,-3274.04309168711,3106.40493935465,"REDD+ project
with safeguard"
"Ampahitra",-0.97,0.9,0,1.00523086103622,2.62817647979306,"AMP203",5.18,3879.45446643271,-5395.62565031511,4227.73073646595,"REDD+ project
with safeguard"
"Zahamena",2.456,0.5,0,-0.397871755544333,0.00249580818784352,"AMB001",0.02,-2542.4313466183,-2347.4946177118,1799.11495960532,"Established PA
(Zahamena)"
"Zahamena",2.33,3.8,0,1.00579578920769,-0.592513769951774,"AMB002",1.62,-62.5433282067838,-4161.24946419463,1631.64647091723,"Established PA
(Zahamena)"
"Zahamena",2.418,1.3,0,0.811947527462847,-1.08296052446565,"AMB003",0.24,-2253.15570023005,-3184.30934746811,1746.10534456889,"Established PA
(Zahamena)"
"Zahamena",2.382,3.8,0,-0.946047868256904,-0.212122756837264,"AMB004",0.03,-2687.84717022036,-793.991747509818,1348.41502008256,"Established PA
(Zahamena)"
"Zahamena",2.485,3.8,0,-0.31263353219278,0.241540994009158,"AMB005",0.04,-1489.21050279632,-3094.84939969267,1792.95975094656,"Established PA
(Zahamena)"
"Zahamena",2.401,1.4,0,-0.0604378429513165,-0.16931496231133,"AMB006",0.01,-2536.24414773782,-4371.45080763118,1581.23671369142,"Established PA
(Zahamena)"
"Zahamena",2.429,0.8,0,-0.662948832940175,-0.54479154939467,"AMB007",0.22,-1464.50192644872,-3838.19024362027,1172.05209752953,"Established PA
(Zahamena)"
"Zahamena",2.498,0.8,0,-0.712094712684124,-0.14464067118866,"AMB008",0,217.684946460818,-4961.36224458956,2229.4623882081,"Established PA
(Zahamena)"
"Zahamena",2.315,4.9,0,0.923103062346165,-1.50881011773411,"AMB009",0.01,-960.969341310408,-2593.94265677951,1632.24161573067,"Established PA
(Zahamena)"
"Zahamena",2.262,1.3,0,0.893990384768212,-1.21723329106538,"AMB010",0.02,-2989.54500525117,-2886.65220692554,1449.51135002586,"Established PA
(Zahamena)"
"Zahamena",2.324,1.3,1,1.80655406096496,-1.61828519132313,"AMB011",0.04,-310.184536674078,-1305.93165468427,2450.99897753835,"Established PA
(Zahamena)"
"Zahamena",2.048,0.3,0,-0.573882487890432,-0.661294506048245,"AMB012",0.05,2536.79203156511,-4425.54928352216,1150.26764627548,"Established PA
(Zahamena)"
"Zahamena",1.998,0.2,0,-0.483392910825112,-0.249703952883493,"AMB013",0.02,-1329.300523554,-6751.34086660731,861.20504902465,"Established PA
(Zahamena)"
"Zahamena",2.088,0.4,1,-0.0696203573824845,-0.339367640372437,"AMB014",0.01,-1344.30279681469,-1.46961462947338,3266.61693985423,"Established PA
(Zahamena)"
"Zahamena",2.323,2.6,0,-0.778704431418557,-0.495813870536485,"AMB015",0.2,-3165.7613486547,-3667.20929580341,713.511749758589,"Established PA
(Zahamena)"
"Zahamena",2.315,3.1,0,0.786662971583084,-1.14693184027181,"AMB016",0.06,-2083.96357282803,-4082.99781925292,1754.52313577349,"Established PA
(Zahamena)"
"Zahamena",2.313,5.2,1,2.78099849674007,-3.44362773027057,"AMB017",1.48,-308.901264476929,-1284.91275615448,2762.28551681778,"Established PA
(Zahamena)"
"Zahamena",2.328,1.6,1,0.452252472849885,0.173935675299863,"AMB018",0.03,-707.896953992997,-777.020735515169,3305.18461310939,"Established PA
(Zahamena)"
"Zahamena",2.252,0.6,0,-0.691042783917689,-0.61587078917929,"AMB019",0.02,1408.02673620315,-1976.93106593677,1375.66524457752,"Established PA
(Zahamena)"
"Zahamena",2.294,1,0,-0.575287185439307,-0.664848468037476,"AMB020",0.04,-2335.48836404541,-3758.00409639015,1720.9319609703,"Established PA
(Zahamena)"
"Zahamena",2.358,1,0,-0.994763955337689,-0.358764930938573,"AMB021",0.27,-2206.49657168868,-4137.30228723943,1108.96434554961,"Established PA
(Zahamena)"
"Zahamena",2.717,0.2,0,0.2062411714278,-1.83175506397003,"AMB022",0.21,-1683.79523377394,-4226.43523161005,1018.20967191607,"Established PA
(Zahamena)"
"Zahamena",2.351,2.5,0,-0.579501278085935,-0.675510354005169,"AMB023",0.01,2991.5882327909,-1806.09038990218,1764.62955727312,"Established PA
(Zahamena)"
"Zahamena",2.25,3.9,0,-0.291512690259184,-1.35848336982549,"AMB024",0.1,-1631.18863259164,-2031.20635036345,1270.74650755816,"Established PA
(Zahamena)"
"Zahamena",2.494,0.3,1,1.07974146670325,0.436211220678747,"AMB025",0.06,138.825696540513,-522.757444920753,3101.72269226208,"Established PA
(Zahamena)"
"Zahamena",2.006,2.8,0,1.56711713752997,0.0626731894905938,"AMB026",0.7,2171.82744764163,-2281.82605205153,1724.9749417337,"Established PA
(Zahamena)"
"Zahamena",2.098,0.6,0,-1.25577380082084,-0.335442774996053,"AMB027",0.02,-1414.10706329274,-4584.53984765859,1356.93308040573,"Established PA
(Zahamena)"
"Zahamena",2.071,4.3,0,-0.225424747433899,0.510449292319748,"AMB028",0.03,3810.92511884708,-4537.24289055044,2568.17493228221,"Established PA
(Zahamena)"
"Zahamena",2.089,2,0,0.0695987556109956,1.10392640029122,"AMB029",0.04,2759.10681438775,-1182.28882119701,1837.3726484661,"Established PA
(Zahamena)"
"Zahamena",2.083,2,0,0.466479075014081,-2.58749727679772,"AMB030",0.02,-1286.77760337459,-4745.23413816214,1267.48747244086,"Established PA
(Zahamena)"
"Zahamena",2.269,4.4,0,1.4376458528189,-1.19044896951858,"AMB031",0.04,88.5480546264591,-1959.39062409599,1796.48466423163,"Established PA
(Zahamena)"
"Zahamena",2.207,0.1,1,2.65010257873746,-1.49305858554216,"AMB032",0,-3442.87445166105,-192.600259265199,2174.5988138953,"Established PA
(Zahamena)"
"Zahamena",2.458,6,0,-1.09063321238401,0.141586323939674,"AMB033",0,1076.13741970767,-1271.92744147195,1979.23508302736,"Established PA
(Zahamena)"
"Zahamena",2.403,0.1,0,-0.879394327807743,-0.77395263823934,"AMB034",0.07,-3131.98194502539,-2559.88393199088,768.553987537618,"Established PA
(Zahamena)"
"Zahamena",2.506,0.3,0,0.262496231410956,0.012299864250582,"AMB035",0.07,-2674.01706425296,-3905.46537959777,1758.2682284613,"Established PA
(Zahamena)"
"Zahamena",2.475,0.3,0,-0.810325037698336,0.326349155232901,"AMB036",0.3,-2299.73123531307,-2130.20817429108,1708.82647812895,"Established PA
(Zahamena)"
"Zahamena",2.433,3.5,0,-0.181615774818228,1.29879125301872,"AMB037",1.36,325.658296448073,-699.715493542592,2550.2955732114,"Established PA
(Zahamena)"
"Zahamena",2.493,0.6,0,-1.14282759744021,-0.3915283778327,"AMB038",0.02,-2072.85860527752,-1845.46466854557,1284.50060644119,"Established PA
(Zahamena)"
"Zahamena",0.91,6,0,0.726973701573819,-1.83339068286604,"AMB039",0.07,-1539.16249062117,-1692.41462178482,1402.5322538237,"Established PA
(Zahamena)"
"Zahamena",0.763,0.3,1,2.75490302989927,-0.361569326545612,"AMB040",1.68,-6710.75368238781,-1328.77158096618,3830.84623484332,"Established PA
(Zahamena)"
"Zahamena",2.256,0.7,0,-0.546174507861354,-0.956425294706207,"AMB041",0.03,-3590.8360216385,-2761.3611408906,1423.55851506919,"Established PA
(Zahamena)"
"Zahamena",2.203,2,0,-0.595909321542578,-0.740411402354164,"AMB042",0.48,-159.449195879902,-2855.38095641899,1387.04307664839,"Established PA
(Zahamena)"
"Zahamena",2.26,1.2,0,-0.00679493863151426,-0.545649379299625,"AMB043",0.24,-2846.34477353686,-2695.00923772566,1574.85085840827,"Established PA
(Zahamena)"
"Zahamena",2.276,1.6,0,0.279805464739451,-0.334017808832041,"AMB044",0.02,-257.910980496888,-2423.66090453659,1961.87204831963,"Established PA
(Zahamena)"
"Zahamena",2.309,0.2,0,-0.295512764143746,-0.227196434699143,"AMB045",0.01,-2680.58524033107,-5969.57491620728,1571.14994101062,"Established PA
(Zahamena)"
"Zahamena",2.293,1,0,1.09405262457236,-1.29477182063014,"AMB046",2.51,-2446.36262589767,-2460.69308813635,1129.53778818334,"Established PA
(Zahamena)"
"Zahamena",2.318,0.5,1,0.109714988984782,-0.445898152032088,"AMB047",0.2,215.209578460368,-967.626196733357,2830.30733844842,"Established PA
(Zahamena)"
"Zahamena",2.408,3.5,0,1.89803107005563,0.287865292466116,"AMB048",0.23,1972.0319710826,-1775.71805712521,2314.00720114795,"Established PA
(Zahamena)"
"Zahamena",2.051,4,0,1.43579337814737,-1.16555948012292,"AMB049",0.03,-1749.80406122355,-2782.63583456081,1505.25783379667,"Established PA
(Zahamena)"
"Zahamena",2.025,1.2,0,-0.407054269975501,-0.167556869873264,"AMB050",0.02,-1386.17649082649,-6430.58106434932,1352.49970648931,"Established PA
(Zahamena)"
"Zahamena",2.019,0.9,0,-0.523828595054322,0.244076875438272,"AMB051",0.21,-717.29779702755,-2739.3550010255,1917.76296358182,"Established PA
(Zahamena)"
"Zahamena",2.384,0.4,0,-0.718467832017541,-0.307585425271306,"AMB052",0.02,-2516.30789683613,-3188.71958367413,1040.86825848796,"Established PA
(Zahamena)"
"Zahamena",2.503,1.4,0,1.38623023287989,0.725597366718355,"AMB053",0.02,34.7984959956622,-5424.79773325578,2311.26762577075,"Established PA
(Zahamena)"
"Zahamena",2.494,4.2,0,0.803783739632118,-1.61566926898011,"AMB054",0.03,-342.334134058501,-3563.59154295672,899.143363940696,"Established PA
(Zahamena)"
"Zahamena",2.499,1.7,0,0.176613274926431,-0.762749487427103,"AMB055",0.02,-36.067359557043,-338.22417498908,1138.26073947307,"Established PA
(Zahamena)"
"Zahamena",2.481,1.4,0,0.966795263322624,0.492296823515394,"AMB056",0.06,-2733.29101657102,-3535.14580026338,1963.73806166987,"Established PA
(Zahamena)"
"Zahamena",2.255,0.8,0,0.301140325435112,-0.792093351572649,"AMB057",0.02,-3950.90240906687,-4460.95784527819,1521.75802778256,"Established PA
(Zahamena)"
"Zahamena",2.297,4,0,-0.372322802202045,-0.444917848585071,"AMB058",0.05,-923.342599370271,-3393.00269227923,1598.02310422497,"Established PA
(Zahamena)"
"Zahamena",2.27,0.7,0,1.82101101316796,2.18829169261057,"AMB059",3.25,3705.29166131066,-2122.59613223343,2834.45362537942,"Established PA
(Zahamena)"
"Zahamena",2.294,1.4,0,0.622153434463091,1.35295037448612,"AMB060",1.04,1002.1210622225,-2649.9325002392,3335.40980678939,"Established PA
(Zahamena)"
"Zahamena",2.477,2.5,0,0.511599593625441,-0.41881859129839,"AMB061",0.04,-1568.83674657969,-837.742952662641,1481.04059174938,"Established PA
(Zahamena)"
"Zahamena",1.534,0.2,0,0.851039664844242,0.54127450237358,"AMB062",0.04,-4407.29159899266,-6053.78952853183,2011.10291084794,"Established PA
(Zahamena)"
"Zahamena",2.353,4.3,0,0.577270554699822,0.490238292341421,"AMB063",0.92,-1344.77776504928,-1947.42759200407,1610.3608046222,"Established PA
(Zahamena)"
"Zahamena",2.277,0.3,1,1.37189376847617,1.41723388449923,"AMB064",0.27,5777.00493744019,-0.85246720988363,3601.38624939852,"Established PA
(Zahamena)"
"Zahamena",2.294,0.5,0,-0.465886171827641,-0.352231353149212,"AMB065",0.21,3682.54663314966,-7307.40464734228,1323.91061346402,"Established PA
(Zahamena)"
"Zahamena",2.324,2.2,0,1.40246660792279,-0.88464453942188,"AMB066",0.01,-56.059446824047,-1934.18644264277,1606.23561701061,"Established PA
(Zahamena)"
"Zahamena",2.5,0.9,0,0.0215195880937974,-0.0729520313441769,"AMB067",0.05,-1664.29781336227,-4091.83891071991,1230.73467238575,"Established PA
(Zahamena)"
"Zahamena",1.975,0.5,0,-1.93935274322936,-0.0262995811831142,"AMB068",0,1389.74714941898,-5881.8995025275,1432.54518368825,"Established PA
(Zahamena)"
"Zahamena",2.488,2.7,0,-0.49257542525628,-0.419756630944601,"AMB069",0.02,-1717.72403711288,-2811.9360463156,1778.78835577939,"Established PA
(Zahamena)"
"Zahamena",2.451,1,0,-0.455814178771013,0.598804036775328,"AMB070",0.02,-1443.97566175644,-3093.52949559325,1825.48178817646,"Established PA
(Zahamena)"
"Zahamena",2.504,4,0,1.19921447337155,1.69986372549155,"AMB071",0.04,-262.315239711877,-2416.08102677926,2806.9869879484,"Established PA
(Zahamena)"
"Zahamena",1.977,0.7,0,-0.199404396882923,0.198609966422533,"AMB072",0.02,-427.193396460067,-3371.28702904182,1451.49444988312,"Established PA
(Zahamena)"
"Zahamena",2.048,1.1,0,1.25299171128566,-0.18063123538203,"AMB073",0.08,-2124.53817135411,-3125.95349896938,1617.22656129787,"Established PA
(Zahamena)"
"Zahamena",2.126,4,0,-0.944360238778802,-0.195414219598011,"AMB075",0.02,3411.63880552026,-1081.32971096235,1614.72884820013,"Established PA
(Zahamena)"
"Zahamena",2.332,2.1,1,2.19650088776186,-0.141785933118038,"AMB076",0.03,1210.4802846813,-1422.49878925072,3076.91922861981,"Established PA
(Zahamena)"
"Zahamena",2.486,1,0,0.654933924157922,0.380711719502245,"AMB078",0.06,-1417.72118119199,-1881.94326536363,1569.09856376652,"Established PA
(Zahamena)"
"Zahamena",2.429,0.8,0,-0.0766253106601624,0.167402097510502,"AMB079",0.09,-2022.63724429127,-3752.17470112676,1632.37704972733,"Established PA
(Zahamena)"
"Zahamena",2.328,1.6,0,0.0850808015159808,-0.655044411974737,"AMB080",0.09,-1764.90574006232,-1984.62188226045,1216.71358915337,"Established PA
(Zahamena)"
"Zahamena",2.269,2.5,0,0.6865730649044,0.0830882415619542,"AMB081",0.09,-1811.04750734056,-2905.02376381368,1861.78564452842,"Established PA
(Zahamena)"
"Zahamena",2.276,0.3,1,2.09554659391015,0.0914602717581788,"AMB082",0.05,-281.968852302535,-1422.04740431366,3204.92927038101,"Established PA
(Zahamena)"
"Zahamena",2.347,0.7,0,0.515813686272068,-0.408156705330697,"AMB083",0.07,-2063.55431484146,-5898.60962349045,2013.67598441521,"Established PA
(Zahamena)"
"Zahamena",2.298,3.2,0,1.09310811184058,-1.16629407696718,"AMB084",0.09,-6708.62170684309,-3908.75710334863,457.412713638907,"Established PA
(Zahamena)"
"Zahamena",2.287,0.6,0,0.644861931101294,-0.570323670422294,"AMB085",0.25,-2272.18952994068,-2164.77725753687,1213.84098335324,"Established PA
(Zahamena)"
"Zahamena",2.228,1.4,0,0.532510416729667,0.099304858897345,"AMB086",3.08,3474.46884721833,-720.518726028238,2260.50679718085,"Established PA
(Zahamena)"
"Zahamena",2.295,0.7,0,1.41082079442955,0.625995243926022,"AMB088",0.2,-417.380459384519,-957.040372227531,1888.37584459245,"Established PA
(Zahamena)"
"Zahamena",1.878,0.4,1,0.951197013323679,-1.43773087794949,"ANT001",0.21,-1591.43786535633,-594.279854523338,2812.93805009089,"Established PA
(Zahamena)"
"Zahamena",2.048,2.5,0,-0.670701558370035,-0.927081430560661,"ANT003",0.03,905.85646466753,-611.458862247023,983.614461956397,"Established PA
(Zahamena)"
"Zahamena",2.06,0.4,0,-0.806798382396071,-0.566893110321105,"ANT004",0,-2131.96034204892,-137.827673030363,1179.76890123235,"Established PA
(Zahamena)"
"Zahamena",1.84,1.4,0,-0.919744585776702,-0.510807507484457,"ANT005",0,3715.77301716965,-623.936703166424,1080.49146108135,"Established PA
(Zahamena)"
"Zahamena",1.841,0.9,0,-1.3426996536505,-0.59119649805662,"ANT006",0.01,1137.51570659362,-2728.41976542845,1114.05135843685,"Established PA
(Zahamena)"
"Zahamena",1.863,3.6,0,-1.02847669651071,-0.444060018680117,"ANT007",0.03,-2128.23511235806,-49.0221405293641,1624.53365712886,"Established PA
(Zahamena)"
"Zahamena",2.025,0.3,0,-0.433571571217768,-1.01082094032011,"ANT008",0.11,-1382.44269977854,-254.150570895099,382.043806884784,"Established PA
(Zahamena)"
"Zahamena",2.01,1.4,0,-0.918339888227826,-0.507253545495226,"ANT009",0.01,-2372.47764231311,-99.8163803918154,1477.03279565699,"Established PA
(Zahamena)"
"Zahamena",2.045,2.5,0,-0.916935190678951,-0.503699583505995,"ANT010",0.02,-1839.87794186515,-132.267893975297,2473.10644174651,"Established PA
(Zahamena)"
"Zahamena",1.894,1.4,0,0.963084463270848,-0.358730067653577,"ANT011",2.12,-1309.51520847494,-1215.37200263082,1668.29921608509,"Established PA
(Zahamena)"
"Zahamena",1.894,0.5,0,0.0503493337425246,-0.37768343326293,"ANT012",0.06,135.720615268098,-304.134725673952,2191.17834891197,"Established PA
(Zahamena)"
"Zahamena",1.898,1.6,0,0.665288582909199,-1.11217000937055,"ANT013",0,1051.60061423379,-1115.94902069774,1854.45060232355,"Established PA
(Zahamena)"
"Zahamena",1.82,2.2,0,-0.773471612171491,-0.847808051022143,"ANT014",0.02,764.720588459865,-111.652347946353,1060.92952911803,"Established PA
(Zahamena)"
"Zahamena",1.776,4.3,1,0.439396176147938,-0.999998803697252,"ANT015",0,-1483.11220015038,-6.5943480512008,2467.95356937136,"Established PA
(Zahamena)"
"Zahamena",1.82,0.5,1,-1.02847669651071,-0.444060018680117,"ANT016",0.03,1303.58754440054,-362.760599965721,2535.73226147927,"Established PA
(Zahamena)"
"Zahamena",1.923,3,0,-0.66052540879086,-0.90389365385879,"ANT017",0.02,-1600.09722599188,-481.811577928525,1800.20367746057,"Established PA
(Zahamena)"
"Zahamena",1.88,0.1,1,0.00276156926712149,-1.27425693354824,"ANT018",0,-709.903690231098,-42.2564536284696,2246.87071007784,"Established PA
(Zahamena)"
"Zahamena",1.913,0.1,0,-0.418505869128572,-1.33793738688115,"ANT019",0,-8745.37902603684,-13370.8633462282,1529.83813685164,"Established PA
(Zahamena)"
"Zahamena",1.972,3.3,1,1.31058448138716,1.95075297089252,"ANT020",5.92,-1780.70857564943,-58.5327286457427,4549.90912894987,"Established PA
(Zahamena)"
"Zahamena",2.049,0.1,1,-0.237853272846291,-0.836659238536649,"ANT021",0.03,3611.84030739073,-89.7355082431555,3739.15585220177,"Established PA
(Zahamena)"
"Zahamena",2.055,1.4,0,-0.318491432602781,-0.698832509947689,"ANT022",0.26,1081.45232152749,-1279.11995319061,1406.74064900257,"Established PA
(Zahamena)"
"Zahamena",1.89,5,0,1.71532764036643,-0.46451099117262,"ANT023",1.43,3695.21216420782,-145.486815092857,3129.70968578329,"Established PA
(Zahamena)"
"Zahamena",1.892,0.1,0,-1.25858319591859,-0.342550698974515,"ANT024",0,-1703.19031055059,-3864.55792210423,1276.89359972442,"Established PA
(Zahamena)"
"Zahamena",1.892,0.3,0,-1.37012470175035,-0.282911134148636,"ANT025",0.01,2732.236542337,-422.699222351633,2410.3677633664,"Established PA
(Zahamena)"
"Zahamena",1.953,2,0,-0.918339888227826,-0.507253545495226,"ANT026",0.01,799.9574735119,-187.375801483846,2123.03414951789,"Established PA
(Zahamena)"
"Zahamena",2.009,0.8,0,-0.747297577666268,-0.00285402335255271,"ANT027",0.01,-2389.94631013017,-98.7810230993825,1757.05545958887,"Established PA
(Zahamena)"
"Zahamena",-0.049,1.1,0,-0.610140725553473,-0.0693384318287659,"ANT028",1.4,-419.083764592398,-269.518120136993,2447.81059025542,"Established PA
(Zahamena)"
"Zahamena",1.884,1.4,0,-0.338463699149888,0.276173670117689,"ANT029",2.53,-2588.52216558536,-2072.40643836932,775.760199597867,"Established PA
(Zahamena)"
"Zahamena",1.839,0.3,1,-0.199692414431474,0.545977156741013,"ANT030",0.21,7321.62279299857,-207.685976163588,2937.38136523793,"Established PA
(Zahamena)"
"Zahamena",-0.063,2,0,0.365928081097139,1.04653185442121,"ANT031",0.02,85.0798619628017,-1933.01790636563,2743.38259114016,"Established PA
(Zahamena)"
"Zahamena",-0.066,1.2,0,-1.37152939929922,-0.286465096137867,"ANT032",0,552.548662800656,-209.746922474162,1584.56188594985,"Established PA
(Zahamena)"
"Zahamena",-0.057,4,0,-1.37152939929922,-0.286465096137867,"ANT033",0,-151.561849548288,-236.718249953011,2476.99729653562,"Established PA
(Zahamena)"
"Zahamena",1.939,0.5,0,-1.0021734140305,-0.74274476932731,"ANT034",0,-5423.00708514543,-5303.9711489854,-460.463166239178,"Established PA
(Zahamena)"
"Zahamena",1.928,0.6,0,-0.908507005385697,-0.482375811570609,"ANT035",0.08,-2506.30706433311,-91.9874987423313,1155.93941422238,"Established PA
(Zahamena)"
"Zahamena",1.987,4.2,0,1.88508732571982,-0.28181448851608,"ANT036",0.03,-2294.96057822257,-4227.48127437585,2055.23496768352,"Established PA
(Zahamena)"
"Zahamena",1.925,1.9,0,0.0475399386447732,-0.384791357241392,"ANT037",0.04,2565.82859334279,-853.221331265508,1137.18920658287,"Established PA
(Zahamena)"
"Zahamena",1.891,2,0,1.28327653318372,-2.13514246898466,"ANT038",0.01,-6699.00847289831,-3879.54577172393,736.366427789617,"Established PA
(Zahamena)"
"Zahamena",1.847,0.5,0,-0.0931142447649351,-0.0335749657467826,"ANT039",0.06,841.408547249689,-107.512537195457,1557.84760878615,"Established PA
(Zahamena)"
"Zahamena",1.898,0.5,0,0.0752479186738509,-0.679922145899354,"ANT040",0.02,-2863.52897286166,-2490.62816984002,2190.38323883538,"Established PA
(Zahamena)"
"Zahamena",1.848,2,0,0.590415790309525,0.930806686758682,"ANT041",0.01,-5019.31999236952,-12693.4104009121,1948.81447203411,"Established PA
(Zahamena)"
"Zahamena",2.235,0.2,0,0.267813555210532,-0.511178410871611,"ANT042",0,1482.17204743813,-3208.53163025359,1128.45138086655,"Established PA
(Zahamena)"
"Zahamena",2.135,0.4,0,-0.182566560763115,-0.28328203753579,"ANT043",0.01,-8581.56557976176,-4288.70919736368,1542.13297025148,"Established PA
(Zahamena)"
"Zahamena",1.82,1,0,1.69533108428089,-0.443450299565361,"ANT044",0.07,-1322.68082463541,-17129.6859529578,1207.06480718614,"Established PA
(Zahamena)"
"Zahamena",1.892,2.5,0,0.0174347434221496,-1.22725269562865,"ANT045",0,-7078.08459137308,-13992.3247327284,1415.52077406844,"Established PA
(Zahamena)"
"Zahamena",1.894,1.3,0,-0.114755107468645,0.253518166389879,"ANT046",0.71,1060.51459432841,-56.9124570526845,1454.08577111994,"Established PA
(Zahamena)"
"Zahamena",1.894,2.7,0,0.969089723269586,-1.17404824977263,"ANT047",0.62,-2135.23085015588,-82.590865855822,2265.98125024248,"Established PA
(Zahamena)"
"Zahamena",1.995,0.3,0,1.16104852933741,0.67774909578239,"ANT048",0.03,3171.2756390712,-10663.0027834143,2269.18133752639,"Established PA
(Zahamena)"
"Zahamena",1.89,2.2,0,1.14852904434304,2.31947609200516,"ANT049",4.57,-5200.56748295759,-95.6981691474117,1858.38731846757,"Established PA
(Zahamena)"
"Zahamena",2.007,0.3,0,-0.176664838638386,-0.255911614328844,"ANT050",0.03,-266.464082547987,-1015.83946648535,1920.40720311026,"Established PA
(Zahamena)"
"Zahamena",2.038,0.1,1,-0.00605914396030111,-0.921460021002998,"ANT051",0.05,1973.0792520794,-65.4601592195172,2511.70411145098,"Established PA
(Zahamena)"
"Zahamena",2.048,3,0,0.168865419984605,0.853971658175749,"ANT052",0.03,-1463.22126992824,-221.501711991725,1310.71888811962,"Established PA
(Zahamena)"
"Zahamena",1.855,0.2,1,0.524917331428717,-0.747799042625915,"ANT053",0,1820.01361414507,-47.145020151252,2402.52191683984,"Established PA
(Zahamena)"
"Zahamena",2.218,2.3,1,1.04929300474359,-0.404560160485768,"ANT056",0.1,7102.9210345305,-234.40878930176,2795.14904617481,"Established PA
(Zahamena)"
"Zahamena",2.003,0.4,0,-0.518595775807256,-0.107917305047386,"ANT057",0.03,-1227.80730580595,-5304.24433110665,2667.9568002428,"Established PA
(Zahamena)"
"Zahamena",1.929,1.3,0,0.154867351829901,-0.455092808034963,"ANT058",0,-1867.05526642006,-197.592208531116,1634.53250972026,"Established PA
(Zahamena)"
"Zahamena",2.126,1.3,0,0.971733723166699,-1.13153224606592,"ANT060",0.03,-5809.76806939219,-127.815532437048,1164.20287764698,"Established PA
(Zahamena)"
"Zahamena",1.915,1.3,0,-0.0540032891442131,-0.335682138219143,"ANT061",0.73,-1456.04497083858,-142.607807194304,2200.57894788633,"Established PA
(Zahamena)"
"Zahamena",1.923,0.3,1,0.49679828899877,-0.603087117316422,"ANT062",0,-832.572965834539,-106.101579802471,2815.42764633763,"Established PA
(Zahamena)"
"Zahamena",1.886,0.4,0,1.14831405306937,0.361592159747274,"ANT064",3.03,-1990.73670470874,-1666.75193063128,2995.03774696298,"Established PA
(Zahamena)"
"Sahavazina",2.802,3.2,1,0.735430978252202,1.23223855909965,"SAH001",2.85,-6317.7922641511,-19.8656536654491,4946.16553400092,"REDD+ project
without safeguard"
"Sahavazina",3.113,1.8,0,-0.620954767207842,0.1217749378396,"SAH002",0.04,-3421.04729381497,-13633.1611699139,3996.81186025746,"REDD+ project
without safeguard"
"Sahavazina",2.813,2.5,0,-0.823636218515879,-0.0850011063627818,"SAH003",0.01,-4043.79456740177,-3967.66598506743,3228.9881074041,"REDD+ project
without safeguard"
"Sahavazina",2.38,3.4,0,0.656289998145371,-0.793091219330806,"SAH004",0.74,-1424.76009576316,-1637.3559667329,5270.94005590551,"REDD+ project
without safeguard"
"Sahavazina",2.372,3,0,-0.498477147381009,-0.447127054151547,"SAH005",0,1452.04403830564,-896.963273033851,4451.16404276453,"REDD+ project
without safeguard"
"Sahavazina",2.811,1.8,0,0.138630976787002,1.15514909810527,"SAH006",0.01,-7450.92710442265,-16364.4694812492,2877.65740031894,"REDD+ project
without safeguard"
"Sahavazina",3.119,0.7,0,0.308788894342425,0.518044142816011,"SAH007",0.03,1405.70646352832,-221.189885901708,2822.2694875847,"REDD+ project
without safeguard"
"Sahavazina",3.076,1.3,0,-1.25296440572309,-0.328334851017591,"SAH008",0.04,-3371.36535658627,-1790.22059294761,3968.5745551788,"REDD+ project
without safeguard"
"Sahavazina",2.929,1.8,0,0.0954898581869922,1.93572585271079,"SAH009",0.05,3914.54040209338,-93.3258002144318,3791.95481472652,"REDD+ project
without safeguard"
"Sahavazina",4.771,2.6,0,-0.666678451231278,0.530523758747949,"SAH010",1.41,-11717.0317545136,-10850.6388133324,2206.86704506351,"REDD+ project
without safeguard"
"Sahavazina",4.453,0.8,0,-1.06039876918641,-0.159591115989848,"SAH011",0.02,-7375.34033279863,-914.811652022238,2317.38670151671,"REDD+ project
without safeguard"
"Sahavazina",4.441,0.1,0,-1.51358828025781,0.0611973333675111,"SAH012",0.01,6434.80721547513,-427.679578943737,3471.75448265839,"REDD+ project
without safeguard"
"Sahavazina",4.218,0.2,0,-0.201092026361025,0.18190142918328,"SAH013",0.03,2961.2498660933,-2402.60771549699,3728.67978795803,"REDD+ project
without safeguard"
"Sahavazina",4.458,3.1,1,-1.35612810496205,1.40596227941678,"SAH014",0.2,-2060.22662708946,-30.9711979982805,4429.78218930604,"REDD+ project
without safeguard"
"Sahavazina",4.488,0.2,1,-1.62793918118731,0.113728974214928,"SAH015",0,3382.14867599408,-105.824009844381,5325.62270257345,"REDD+ project
without safeguard"
"Sahavazina",4.458,1.7,0,1.16688739642591,2.2893271104287,"SAH016",1.44,-808.813282330683,-179.86604709854,3367.68207921502,"REDD+ project
without safeguard"
"Sahavazina",6.633,2.5,0,0.228764456916439,0.5982092871985,"SAH017",1.46,3858.16031629791,-305.486228786394,3573.88921230071,"REDD+ project
without safeguard"
"Sahavazina",6.655,3,0,-0.390032504188354,-0.160317405730739,"SAH018",0.75,-833.972596729454,-95.3709391769261,3283.79550261495,"REDD+ project
without safeguard"
"Sahavazina",6.641,1.5,0,-0.521405170905007,-0.115025229025848,"SAH019",0.01,762.095298712078,-63.6552462778017,3135.45444153365,"REDD+ project
without safeguard"
"Sahavazina",6.62,1,0,1.05715559241296,2.04752615499693,"SAH020",0.05,4095.93923522465,-109.649810576332,3028.9201820206,"REDD+ project
without safeguard"
"Sahavazina",6.616,1.2,0,-0.766411977201453,0.278192457512549,"SAH021",0.7,1944.76362174974,-59.6141771699838,2387.63110364857,"REDD+ project
without safeguard"
"Sahavazina",6.632,0.2,0,-0.121943990413662,0.27115643617197,"SAH022",0.05,6279.21190377926,-257.594378032815,2832.70575438677,"REDD+ project
without safeguard"
"Sahavazina",6.665,0.4,0,-0.255942122560728,0.798472156999248,"SAH023",0.03,6384.77455951759,-907.611591344411,2272.71386957227,"REDD+ project
without safeguard"
"Sahavazina",6.599,0.4,1,0.918035354527111,1.25865773016399,"SAH024",0.06,93.7701443667323,-145.212158767163,4906.1073622035,"REDD+ project
without safeguard"
"Sahavazina",6.642,3.6,0,-0.626255028255663,1.22275441681457,"SAH025",0.02,-3577.06069853321,-20147.4581970773,4835.76879315389,"REDD+ project
without safeguard"
"Sahavazina",6.656,2,0,-1.00130296872654,0.709442453225585,"SAH026",1.44,-1844.64453858846,-167.666553953721,2717.6722551687,"REDD+ project
without safeguard"
"Sahavazina",6.62,0.6,0,-0.0448811095208637,-0.150784927685267,"SAH027",0.79,-9189.36080482553,-10065.471728548,2566.50285608731,"REDD+ project
without safeguard"
"Sahavazina",6.614,0.5,0,-1.51499297780668,0.0576433713782801,"SAH028",0,3841.87270159333,-182.653490430384,3759.56865795407,"REDD+ project
without safeguard"
"Sahavazina",6.608,1.1,0,2.11661705714329,0.144769701596644,"SAH029",0.2,-2229.21981969584,-49.4900392935677,2726.27184269046,"REDD+ project
without safeguard"
"Sahavazina",6.65,0.5,0,-0.776410255244222,0.288722803316178,"SAH030",0.02,3711.45502617635,-189.670784093159,3788.11912857793,"REDD+ project
without safeguard"
"Sahavazina",6.639,3,0,0.217717862033304,-0.877165712056264,"SAH032",0.03,-1652.15457832931,-63.4839869896154,2492.1341602363,"REDD+ project
without safeguard"
"Sahavazina",6.652,0.8,0,-0.878769246644809,0.518415046203164,"SAH033",0.03,-1948.44715637836,-33.5634734311079,2517.92449247937,"REDD+ project
without safeguard"
"Sahavazina",6.608,0.7,0,-0.52590219548086,-0.138841690243563,"SAH034",0,-1050.00021377063,-109.335102912804,2245.27350052998,"REDD+ project
without safeguard"
"Sahavazina",6.633,0.2,0,1.08177124541506,1.73213286711048,"SAH035",0.03,2199.07225705589,-60.6822456511218,1932.65447830321,"REDD+ project
without safeguard"
"Sahavazina",6.627,1.6,0,1.16588770314697,1.98077866619259,"SAH036",0.02,2271.16527401182,-142.522870781065,3913.4341566148,"REDD+ project
without safeguard"
"Sahavazina",6.61,0.6,0,0.432972678114061,0.490390235893211,"SAH037",0.11,-5213.04320734593,-68.0183222875646,3284.40368516295,"REDD+ project
without safeguard"
"Sahavazina",6.597,0.1,0,0.423139795271932,0.465512501968594,"SAH038",0.04,3995.50376654197,-106.884004259173,2409.29891255775,"REDD+ project
without safeguard"
"Sahavazina",6.654,0.9,0,2.49810010142847,0.497904436184481,"SAH039",0.09,-828.791983436055,-112.30227131376,3394.91615153512,"REDD+ project
without safeguard"
"Sahavazina",6.622,3,0,0.777878405581321,0.314095770861969,"SAH040",0.74,3801.70010869844,-1498.02716869946,3231.93695852936,"REDD+ project
without safeguard"
"Sahavazina",6.649,0.7,0,0.452571001997568,1.28913100223175,"SAH041",0.05,-748.718515907959,-40.1543667466472,3725.36304631973,"REDD+ project
without safeguard"
"Sahavazina",6.599,0.1,0,1.29023688211924,1.91771667954154,"SAH042",0.71,-624.216910972287,-31.0318885613063,3611.38372612226,"REDD+ project
without safeguard"
"Sahavazina",4.217,0.1,0,0.655449143081337,-0.396717030371956,"SAH043",0.26,-5040.98649545754,-8480.87799842669,4029.13999000222,"REDD+ project
without safeguard"
"Sahavazina",4.262,1.5,0,-0.950261960903531,-0.222784642804957,"SAH044",0,-5184.94707651374,-8832.51195163255,4549.75119258455,"REDD+ project
without safeguard"
"Sahavazina",4.264,1.8,0,-1.2602708253967,-0.359259236213768,"SAH045",0.01,-5302.44871638872,-124.186728829583,2421.07481198678,"REDD+ project
without safeguard"
"Sahavazina",4.172,0.3,1,-0.156546210212139,-0.595121363433005,"SAH046",0,-2084.08348207839,-16239.4903050282,4704.80468372119,"REDD+ project
without safeguard"
"Sahavazina",4.259,2,0,-0.593246787178765,-0.173355850818361,"SAH047",0.02,-91.8946460411768,-16634.6345369369,4144.13118658591,"REDD+ project
without safeguard"
"Sahavazina",4.261,1.5,0,-1.36872000420147,-0.279357172159405,"SAH048",0.02,607.633023068587,-880.138342608482,3224.92768913471,"REDD+ project
without safeguard"
"Sahavazina",4.242,2.8,0,-0.199974796353497,0.539012528397659,"SAH049",0.82,-1930.44075223689,-990.610172342085,4636.96000928645,"REDD+ project
without safeguard"
"Sahavazina",4.204,2,0,0.53917832567954,0.429689398360431,"SAH050",0.04,2908.68136631664,-372.700306740068,4700.94256890334,"REDD+ project
without safeguard"
"Sahavazina",2.814,0.1,0,-0.400681150642084,-0.00461211579061847,"SAH051",0,-4159.02291091225,-8003.34913148987,3993.12428767158,"REDD+ project
without safeguard"
"Sahavazina",2.444,0.4,0,-0.0503220281799604,-0.131282653136691,"SAH052",0.06,-7762.88445485611,-18565.5080417185,3381.19466175937,"REDD+ project
without safeguard"
"Sahavazina",4.574,2.9,0,0.35254323641814,0.875549862522581,"SAH053",2.95,-1401.14903931181,-289.127100869803,3488.60641632833,"REDD+ project
without safeguard"
"Sahavazina",4.958,0.3,0,0.227764763637499,0.289660842962389,"SAH054",0.04,-2365.47242100403,-1958.32556363537,4183.40724748805,"REDD+ project
without safeguard"
"Sahavazina",4.164,5,0,-1.05449704706168,-0.132220692782902,"SAH055",0.04,1690.26830605244,-64.2111885202634,2683.58709487273,"REDD+ project
without safeguard"
"Sahavazina",4.252,1,0,-0.657090932530174,0.395581954562176,"SAH056",0,2383.14699603628,-555.257759583648,4174.8345984734,"REDD+ project
without safeguard"
"Sahavazina",4.259,2,0,-0.976687315724443,0.394049165339138,"SAH057",1.42,-7033.08027688409,-3380.18456461814,3352.60702018578,"REDD+ project
without safeguard"
"Sahavazina",4.208,3,0,1.21742691794551,0.56870833052927,"SAH058",0.84,-3027.15388725912,-102.426396976947,3073.56782482558,"REDD+ project
without safeguard"
"Sahavazina",4.159,0.9,0,0.0292974049760897,0.0935466847276998,"SAH059",0.04,-1089.14368604847,-5812.91630426941,4109.12835843333,"REDD+ project
without safeguard"
"Sahavazina",4.206,1,0,-1.09623346811282,0.651910023811845,"SAH060",0.09,-2621.77021423288,-95.530933320224,3083.39827890845,"REDD+ project
without safeguard"
"Sahavazina",4.239,5,0,-1.17194027501817,-0.0999515511639693,"SAH061",0.03,3144.36344951788,-2141.88653341623,3301.10812735936,"REDD+ project
without safeguard"
"Sahavazina",4.257,0.7,0,-1.51499297780668,0.0576433713782801,"SAH062",0,-568.848489821014,-3616.11418291431,3963.79204160206,"REDD+ project
without safeguard"
"Sahavazina",4.226,4,0,-1.74088538456795,0.169814577051575,"SAH063",0,-3195.68584968748,-45.7499499396471,2906.0715221926,"REDD+ project
without safeguard"
"Sahavazina",4.209,0.8,0,-0.979073172085558,0.606486306942891,"SAH064",0.12,-2396.95286079567,-65.8699230360733,3119.33143093913,"REDD+ project
without safeguard"
"Sahavazina",4.258,2,0,-0.368888325941358,0.854557759835895,"SAH065",0.03,-3186.7498624053,-13814.4028770369,2628.3708111266,"REDD+ project
without safeguard"
"Sahavazina",4.261,0.5,0,0.223550670990872,0.278998956994696,"SAH066",0.01,-43.8560105807439,-1226.36385053216,3742.43263977892,"REDD+ project
without safeguard"
"Sahavazina",4.201,0.8,1,2.62328357847905,0.778798973497793,"SAH067",1.59,3810.38598450942,-190.382761502856,5859.172817094,"REDD+ project
without safeguard"
"Sahavazina",4.201,2.8,0,-0.678767942459544,-0.425555611889698,"SAH068",0.02,-2052.87566600618,-250.580273650599,2716.21690755565,"REDD+ project
without safeguard"
"Sahavazina",5.363,3.2,0,0.308918142317404,-0.625594635500772,"SAH069",0.01,1530.71610003843,-3679.24268509582,2187.2832075104,"REDD+ project
without safeguard"
"Sahavazina",5.211,0.6,0,-0.131629090814112,-0.372820528240334,"SAH070",0.09,5546.98254216695,-857.057402400749,2918.26066462487,"REDD+ project
without safeguard"
"Sahavazina",4.472,5.6,0,0.282897791766429,-0.313755309603557,"SAH071",0.02,5463.56312115788,-14603.0877924579,3841.51918644446,"REDD+ project
without safeguard"
"Sahavazina",4.49,0.4,0,0.033794429551943,0.117363145945415,"SAH072",0.05,-4272.0574282154,-11015.7593892205,2375.01212619114,"REDD+ project
without safeguard"
"Sahavazina",4.46,0.3,0,-1.04551749561935,0.21990502786682,"SAH073",0.93,-5040.83483841189,-20397.8191930028,3635.36443031391,"REDD+ project
without safeguard"
"Sahavazina",4.482,2.4,0,-0.874555153998182,0.529076932170857,"SAH074",0.06,3046.04176413259,-410.91704710514,4370.73234784178,"REDD+ project
without safeguard"
"Sahavazina",4.5,0.6,0,-1.17615436766479,-0.110613437131662,"SAH075",0,626.413466115956,-776.390330015334,3272.953787444,"REDD+ project
without safeguard"
"Sahavazina",4.501,0.6,0,-1.28207708330104,-0.0367580243488599,"SAH076",0.05,2375.45258683019,-790.961227392673,3865.89461683621,"REDD+ project
without safeguard"
"Sahavazina",4.464,0.1,0,-1.06320816428416,-0.16669903996831,"SAH077",0,-3331.51163615951,-1888.86847181772,3243.56356738448,"REDD+ project
without safeguard"
"Sahavazina",4.46,1.5,0,1.08177124541506,1.73213286711048,"SAH078",0.03,-5928.75056046539,-12564.2523750453,2307.4753493115,"REDD+ project
without safeguard"
"Sahavazina",4.489,0.9,0,1.92887205994947,0.754515989150003,"SAH079",0.08,-1553.01892959834,-437.34636298565,3801.31242661117,"REDD+ project
without safeguard"
"Sahavazina",4.464,0.2,0,0.537490696201438,0.412980861121178,"SAH080",0.05,-3062.77290392206,-7664.29100737491,4639.69960253802,"REDD+ project
without safeguard"
"Sahavazina",4.493,1.5,0,0.528492111437609,0.732059651160918,"SAH081",0.79,-2982.84695597133,-217.682402503248,4425.53400246361,"REDD+ project
without safeguard"
"Sahavazina",6.355,6,1,0.134366789212541,0.346939258670002,"SAH082",0.81,244.062046985224,-0.00638846790822144,5190.24060005606,"REDD+ project
without safeguard"
"Sahavazina",6.337,0.1,0,0.182544958991626,1.04784079745457,"SAH083",0.04,-1338.71143111673,-2965.68260520562,3010.31429022861,"REDD+ project
without safeguard"
"Sahavazina",6.37,1.2,0,-0.043581472364808,-0.126667418440558,"SAH084",0.13,-1065.38980639109,-36.8417299048393,3082.36806837214,"REDD+ project
without safeguard"
"Sahavazina",6.339,0.6,0,0.259354997049925,1.2655622113405,"SAH085",0,3952.0387338281,-194.585963083184,4053.26387887259,"REDD+ project
without safeguard"
"Sahavazina",6.352,3.6,0,-0.0590331454024408,-0.165761000322099,"SAH086",0.02,-1468.65749678783,-12616.3297663235,2757.27567485604,"REDD+ project
without safeguard"
"Sahavazina",6.342,0.1,0,-0.0618425405001922,-0.172868924300561,"SAH087",0,-2112.01297485352,-61.498598612587,2318.76196557007,"REDD+ project
without safeguard"
"Sahavazina",6.343,0.7,0,0.0328921908180893,1.71813597898892,"SAH088",0.8,-1.52896377850187,-248.728788964578,4677.21060568501,"REDD+ project
without safeguard"
"Sahavazina",6.327,1,0,-0.8535521325658,1.33137166049863,"SAH089",0.01,3677.94213696885,-167.682775382783,4064.97310265633,"REDD+ project
without safeguard"
"Sahavazina",6.34,2,0,-0.560381104192443,1.94973825786576,"SAH090",0.01,4425.95608365604,-133.813099737136,4576.69018849997,"REDD+ project
without safeguard"
"Sahavazina",7.111,0.5,0,-1.74088538456795,0.169814577051575,"SAH091",0,3720.21545167569,-225.388069917599,3746.69899921874,"REDD+ project
without safeguard"
"Sahavazina",6.351,1.5,0,0.664483875070826,0.39243487817684,"SAH092",0.15,-1903.83999760489,-90.8940794915725,2831.0246111421,"REDD+ project
without safeguard"
"Sahavazina",6.346,2.7,0,1.67432806284851,-1.24574502789313,"SAH093",0.12,-1800.47826367021,-27.7044234110822,2388.97991971552,"REDD+ project
without safeguard"
"Sahavazina",6.367,1.6,0,0.718090133310169,0.103613821118566,"SAH094",1.51,-846.649323728774,-47.3145827895653,3394.03249879039,"REDD+ project
without safeguard"
"Sahavazina",6.345,0.6,0,0.689382460002152,0.0901961655404161,"SAH095",0.11,-1054.65799095456,-174.775167738639,2915.02646947387,"REDD+ project
without safeguard"
"Mantadia",0.198,1,0,-0.737796534087418,1.28239398164044,"VBA001",0.03,-10941.9560003544,-5684.21423278622,819.389232494332,"Established PA
(Mantadia)"
"Mantadia",0.041,2,0,-1.28207708330104,-0.0367580243488599,"VBA003",0.05,-7631.14433819066,-26125.6976824341,-964.923593278316,"Established PA
(Mantadia)"
"Mantadia",-0.562,0.3,0,-1.39502328668168,0.0193275784877876,"VBA004",0.05,-11526.5163294208,-25418.4141778232,-119.985592598775,"Established PA
(Mantadia)"
"Mantadia",-0.293,1.5,0,-0.622040935609036,1.23341630278226,"VBA005",0.05,-1823.40576911243,-1065.81703136924,-253.169467497356,"Established PA
(Mantadia)"
"Mantadia",-0.013,0.7,0,-1.3879997989373,0.0370973884339426,"VBA006",0.1,-3335.7688136637,-10712.2629038711,499.254548842743,"Established PA
(Mantadia)"
"Mantadia",-0.201,4.3,0,-1.16772618237154,-0.0892896651962763,"VBA007",0.06,-7012.85964670782,-20021.8059726512,-801.704107298393,"Established PA
(Mantadia)"
"Mantadia",-0.087,0.1,0,-1.28769587349655,-0.0509738723057838,"VBA008",0.01,-11700.8698649275,-29584.6266595167,-610.389977100844,"Established PA
(Mantadia)"
"Mantadia",-0.005,3,0,-1.28207708330104,-0.0367580243488599,"VBA009",0.05,-1822.92462992706,-160.279688279118,-524.050945092442,"Established PA
(Mantadia)"
"Mantadia",-0.507,0.9,0,-1.28207708330104,-0.0367580243488599,"VBA010",0.05,-12317.6059940195,-24338.8780231239,-369.090621885453,"Established PA
(Mantadia)"
"Mantadia",-0.452,1.8,0,-1.48054444196245,-0.232872182583549,"VBA011",0.05,-11877.3958695182,-26554.3163211629,-710.310999709591,"Established PA
(Mantadia)"
"Mantadia",-0.085,0.9,0,-0.359349733860886,-0.483748350138485,"VBA012",1.36,-10743.2053973604,-26521.3616319923,-629.572164423122,"Established PA
(Mantadia)"
"Mantadia",3.775,2.1,0,-1.65138974570984,0.702262626609239,"VBA013",2.05,540.149341731465,-485.151927898696,256.231274631594,"Established PA
(Mantadia)"
"Mantadia",3.289,1.2,0,-1.62232039099181,0.127944822171852,"VBA014",0.04,-1892.89740183862,-192.348599452899,-679.526220717441,"Established PA
(Mantadia)"
"Mantadia",2.07,1,0,-1.62372508854069,0.124390860182621,"VBA015",0.03,-1271.45679440739,-522.129433427868,-87.1545039867723,"Established PA
(Mantadia)"
"Mantadia",2.144,0.7,0,-1.50796949006231,0.0754131813244351,"VBA016",0.05,-9593.19724123591,-19157.964528813,-621.480715456812,"Established PA
(Mantadia)"
"Mantadia",2.104,0.8,1,0.648818183271127,-0.788607524798737,"VBA017",0.1,319.801283552264,-255.040880923749,1194.19469884343,"Established PA
(Mantadia)"
"Mantadia",3.465,2.5,0,-1.24555494703028,0.0556449873711459,"VBA018",0.31,-9064.40476125206,-19335.5043260606,-836.463340537239,"Established PA
(Mantadia)"
"Mantadia",2.167,0.6,0,-0.434976268766644,-1.01437490230934,"VBA020",0.1,-6418.69495216983,-17798.2859835153,-1984.55553050127,"Established PA
(Mantadia)"
"Mantadia",-0.051,0.2,0,0.0721555916468733,-0.700184645127838,"VBA021",0.02,673.962380945119,-2003.24977049322,915.927016991843,"Established PA
(Mantadia)"
"Mantadia",-0.033,4.4,0,1.11491436974493,-1.48879528883209,"VBA022",0.05,-3237.13426449324,-208.964393875597,-349.57834434901,"Established PA
(Mantadia)"
"Mantadia",-0.248,1.6,0,0.678144879611146,0.0617644696265682,"VBA023",0.03,791.812890603799,-42.880751496656,-829.130316460739,"Established PA
(Mantadia)"
"Mantadia",-0.122,1,0,0.305354418081739,-0.781431465604956,"VBA024",0.05,-422.251948085111,-93.5915376408713,-15.3971897250574,"Established PA
(Mantadia)"
"Mantadia",-0.866,0.9,0,1.83956660468522,-0.055138710196345,"VBA025",0.51,-7708.28924248245,-23642.8603837877,-129.512176766338,"Established PA
(Mantadia)"
"Mantadia",-0.078,2.8,0,1.29247666037385,-1.38139864016411,"VBA026",0.51,-8140.60907633261,-21985.2169703601,-1039.33993435403,"Established PA
(Mantadia)"
"Mantadia",-0.558,0.4,0,0.491351450989638,-1.3930417579248,"VBA027",0.24,-8897.30583854831,-29109.4210363462,-984.988552459355,"Established PA
(Mantadia)"
"Mantadia",0.146,0.4,0,0.0752479186738509,-0.679922145899354,"VBA028",0.02,-6933.99558786437,-2627.90029476592,-1937.27192318521,"Established PA
(Mantadia)"
"Mantadia",3.703,5,0,0.43021366171677,-1.17005148175836,"VBA029",0,4900.55138888917,-183.797222034674,-2064.6490262867,"Established PA
(Mantadia)"
"Mantadia",3.323,2,0,1.54593018643025,-1.22875300693803,"VBA030",0.01,-672.346293312092,-41.5710985717133,-1823.00207344713,"Established PA
(Mantadia)"
"Mantadia",4.157,0.4,0,1.22645587557669,-1.54843485365797,"VBA031",0.04,-5233.14918514402,-1081.52064310501,-1551.32244621322,"Established PA
(Mantadia)"
"Mantadia",4.096,0.4,0,0.901227891274656,-0.0575146600251887,"VBA032",0.01,-5752.33352081342,-7699.6130372373,-1827.02627771314,"Established PA
(Mantadia)"
"Mantadia",3.973,0.4,0,-0.29410806659487,-0.223642472709912,"VBA033",0.02,-734.161210703807,-82.0706039121451,-1203.26661292971,"Established PA
(Mantadia)"
"Mantadia",3.943,0.2,0,-0.29410806659487,-0.223642472709912,"VBA034",0.02,-1286.95567657256,-78.1554476616997,-1715.77805293777,"Established PA
(Mantadia)"
"Mantadia",3.973,2,0,1.70133584542483,-0.0630244231658554,"VBA035",0.33,6364.38218181656,-947.343518227352,-568.430126629891,"Established PA
(Mantadia)"
"Mantadia",2.141,3.8,0,0.166104932220907,-0.426661112121116,"VBA036",0.08,-2289.60125014219,-1417.09940801229,-311.914394873465,"Established PA
(Mantadia)"
"Mantadia",0.033,1,0,-0.0473592153625389,-1.42445306963878,"VBA037",0.23,-8567.86409972909,-25496.1479818088,-1058.18123474391,"Established PA
(Mantadia)"
"Mantadia",0.087,2,0,-0.128408936374696,-0.241301145879729,"VBA038",2.2,-9781.09105495507,-20528.7086079628,-1106.38155948117,"Established PA
(Mantadia)"
"Mantadia",0.018,0.1,1,-0.291298671497119,-0.21653454873145,"VBA039",0.04,-8416.67564885853,-11669.232798178,504.297042707522,"Established PA
(Mantadia)"
"Mantadia",0.248,0.8,0,0.780289852249668,-1.30987659435445,"VBA040",0.08,-4363.26729106815,-5850.80919707955,132.523518634995,"Established PA
(Mantadia)"
"Mantadia",0.033,3,0,-0.762234031780485,-0.819376355108295,"VBA041",0.1,-10427.3563483077,-26939.1592129409,-891.213497135379,"Established PA
(Mantadia)"
"Mantadia",0.005,0.1,0,0.337901571920379,0.22646731614728,"VBA042",0.02,-4485.83240737029,-3156.43377914257,-186.585261207472,"Established PA
(Mantadia)"
"Mantadia",0.078,3,0,1.60010542357762,-0.603080964522524,"VBA043",2.7,-7541.50050088484,-23003.5569355794,-768.340970145614,"Established PA
(Mantadia)"
"Mantadia",0.085,0.5,0,1.25416385560576,-1.84356564231593,"VBA044",0.02,-10409.7752646271,-26326.5349879888,-1596.85909418512,"Established PA
(Mantadia)"
"Mantadia",3.973,0.6,0,0.430728880640186,-1.94748023163256,"VBA045",0.2,-6099.98647286854,-21061.6570647279,-2877.65017631861,"Established PA
(Mantadia)"
"Mantadia",3.973,0.4,0,0.036088339491702,-1.55517187424928,"VBA046",0.02,-6303.32645834059,-15808.2149374255,-1810.94011810102,"Established PA
(Mantadia)"
"Mantadia",3.289,0.6,0,0.920944035659376,-1.66109298584906,"VBA047",0.06,-8044.52390096012,-17027.6185619031,-2094.64842974171,"Established PA
(Mantadia)"
"Mantadia",3.323,4.1,0,1.09889229723672,-1.1874863087385,"VBA048",0.74,2724.41959744266,-112.933506688693,-1990.56027245487,"Established PA
(Mantadia)"
"Mantadia",3.323,1,0,0.324290946080518,-1.09619606897556,"VBA049",0.05,-9483.71332394431,-20880.4094792572,-1342.69593277708,"Established PA
(Mantadia)"
"Mantadia",3.973,0.8,0,1.61212263964115,0.61342616104506,"VBA050",0.02,2378.32680961378,-15.6230194681361,-1132.51293407814,"Established PA
(Mantadia)"
"Mantadia",3.973,2,0,-0.0628108884001716,-1.46354665152032,"VBA051",0.12,-2591.36847707175,-209.504266045102,-1353.66984277894,"Established PA
(Mantadia)"
"Mantadia",3.973,0.5,0,2.43045404333464,-0.0743038474694343,"VBA052",0,-3534.77335171308,-5273.55539617802,635.694279237768,"Established PA
(Mantadia)"
"Mantadia",3.973,2.3,0,1.63361662232434,-1.59060849564127,"VBA053",1.7,-4236.23693457861,-13657.1617992524,-1991.29658810767,"Established PA
(Mantadia)"
"Mantadia",3.973,0.8,0,0.525414015885432,-2.04976734032921,"VBA054",0.07,-1627.35286437289,-1758.25697756453,-2504.59141550715,"Established PA
(Mantadia)"
"Mantadia",3.973,2.3,0,0.874386975265381,-1.65545229183542,"VBA055",0.25,-5618.86167023789,-13868.9841319,-1820.0201224063,"Established PA
(Mantadia)"
"Mantadia",3.973,1.2,0,1.46602782134497,-1.46673692005244,"VBA056",0.05,-6098.07436932779,-13781.8481808021,-2462.39243710834,"Established PA
(Mantadia)"
"Mantadia",2.121,0.1,0,0.376717618130906,-1.35366469232741,"VBA057",0.25,-9654.93441189605,-21763.4299867972,-1072.73132346084,"Established PA
(Mantadia)"
"Mantadia",2.518,0.7,0,0.240725570725063,1.43684182779736,"VVE001",0.15,-7434.67870767331,-20722.6427631202,-389.226314719739,"Established PA
(Mantadia)"
"Mantadia",2.914,2.8,0,-1.71346033646809,-0.138470786856409,"VVE002",0,-2774.83229932165,-218.347898732001,-569.398572818105,"Established PA
(Mantadia)"
"Mantadia",2.951,1.1,0,-1.27083950291004,-0.00832632843501192,"VVE003",0.13,-5983.48173614141,-15784.5151646371,-1248.75561934009,"Established PA
(Mantadia)"
"Mantadia",2.452,0.6,0,-0.857717317878374,0.0471849282125344,"VVE004",0.05,-8646.84792454736,-18732.747947465,-1137.98981245465,"Established PA
(Mantadia)"
"Mantadia",1.409,0.6,0,-0.487975361661216,-0.0428847165343262,"VVE005",0.27,-6525.38264415324,-23388.2935166029,-880.120980804946,"Established PA
(Mantadia)"
"Mantadia",1.359,1,0,1.01561641079623,0.618375450361225,"VVE006",0.49,-1122.86152473681,-2729.97554725387,779.783351846423,"Established PA
(Mantadia)"
"Mantadia",3.343,1,0,-1.28207708330104,-0.0367580243488599,"VVE007",0.05,-10407.5083374043,-19371.8272348025,-1921.88283787122,"Established PA
(Mantadia)"
"Mantadia",3.285,1.3,0,-0.90812103443726,-0.116165783128027,"VVE008",0.3,-7566.525988199,-18569.6459995476,-1314.83380393772,"Established PA
(Mantadia)"
"Mantadia",1.379,4.5,0,0.439947258524387,1.78168489215777,"VVE009",0.09,3950.49169075338,-2798.28111263017,414.324470242216,"Established PA
(Mantadia)"
"Mantadia",1.346,0.1,0,1.0429435054962,-0.403487132307821,"VVE010",0.08,-5180.03252466439,-5574.04936535511,-712.926534464481,"Established PA
(Mantadia)"
"Mantadia",0.855,0.4,0,-0.330458250679268,-1.09178427708137,"VVE011",0.04,-11018.7527386314,-25562.7937695173,-1351.40664122939,"Established PA
(Mantadia)"
"Mantadia",1.378,0.3,0,-1.05337528144203,-0.141821306043693,"VVE012",0.07,-5984.18977687702,-1606.52237135149,-995.789348720651,"Established PA
(Mantadia)"
"Mantadia",1.528,0.1,0,0.0971146133422888,1.05975282928239,"VVE014",4.24,-9645.43787843618,-20112.2537103774,-16.6643010133297,"Established PA
(Mantadia)"
"Mantadia",1.453,0.3,0,-0.101542430058189,-0.0548987376821685,"VVE015",0,-2731.64897517912,-7083.25882648311,343.74054893518,"Established PA
(Mantadia)"
"Mantadia",1.465,1,0,1.49753771411647,-0.620721619675949,"VVE016",0.1,1283.69164202319,-1793.18785784818,1595.27424547371,"Established PA
(Mantadia)"
"Mantadia",1.459,2,0,1.93992593242314,3.48142198710431,"VVE017",7.2,-8684.23221333306,-24024.4931535282,520.122014064737,"Established PA
(Mantadia)"
"Mantadia",2.427,3.4,0,1.00056346881543,-1.43626364798467,"VVE018",0.04,-5574.18671717537,-11092.8559352868,-1407.90163294637,"Established PA
(Mantadia)"
"Mantadia",1.364,0.3,0,-0.0640015671869817,-0.325151792415514,"VVE019",0.05,-1103.70615512382,-125.622714759591,-2548.30411876122,"Established PA
(Mantadia)"
"Mantadia",2.279,3.2,0,-0.062596869638106,-0.321597830426283,"VVE020",0.06,-8030.6707333662,-17189.5799879941,-1394.02945280612,"Established PA
(Mantadia)"
"Mantadia",1.367,1.6,1,1.11631906729381,-1.48524132684286,"VVE021",0.06,-5291.54756300233,-8814.83295167142,1055.85177279983,"Established PA
(Mantadia)"
"Mantadia",1.328,3.4,0,0.887617265434795,-1.38017804514803,"VVE022",0.04,-5724.74576616912,-22046.5880872357,-236.242927089361,"Established PA
(Mantadia)"
"Mantadia",4.444,5,0,0.95208649194914,-0.656748166086059,"VVE023",0.02,-7476.76194688244,-16727.5392174815,-930.349517407764,"Established PA
(Mantadia)"
"Mantadia",3.048,0.3,0,-1.08360972463964,0.159356133885829,"VVE024",0.05,-8524.04116901091,-16006.746089513,-604.160973149221,"Established PA
(Mantadia)"
"Mantadia",0.031,3.9,1,1.00337286391318,-1.42915572400621,"VVE025",0.06,-7930.19424851497,-20035.5321939779,639.90452045285,"Established PA
(Mantadia)"
"Mantadia",1.42,2.6,0,1.20888224478567,-0.690732207996272,"VVE026",0.24,-117.752017330052,-6293.0185590558,-460.439325505824,"Established PA
(Mantadia)"
"Mantadia",0.495,1.5,0,0.384973851237789,-0.556602127740565,"VVE027",0.03,-8124.21627643022,-18735.923600117,-690.933456061097,"Established PA
(Mantadia)"
"Mantadia",1.465,3.6,0,-0.208869843243317,0.0154027131114028,"VVE028",0.04,-8768.3293273303,-20585.5995781484,-737.724494142383,"Established PA
(Mantadia)"
"Mantadia",1.387,0.4,0,0.387783246335541,-0.549494203762103,"VVE029",0.05,-7960.41218876998,-23853.8417586269,-861.176917625732,"Established PA
(Mantadia)"
"Mantadia",1.353,3.8,0,1.66902780180069,-0.144765548918168,"VVE030",0.1,-7265.10505802569,-15896.5157408114,-885.416752145472,"Established PA
(Mantadia)"
"Mantadia",1.935,4.6,0,0.437237149461149,-1.1522816718122,"VVE031",0.05,-1979.16372207622,-619.491576139712,1005.48337639394,"Established PA
(Mantadia)"
"Mantadia",1.367,2.6,1,2.66758403048691,-0.158043357228881,"VVE032",0.08,3711.11081163945,-1214.2652313233,3352.40861459893,"Established PA
(Mantadia)"
"Mantadia",2.361,0.7,0,-0.164305492627731,-0.237080531675787,"VVE033",0.14,-10098.0173204868,-19509.6422399875,-868.266432022968,"Established PA
(Mantadia)"
"Mantadia",1.367,2.2,0,-1.14563699253796,-0.398636301811162,"VVE034",0,-8766.89511971037,-21241.2990481261,-472.572626591586,"Established PA
(Mantadia)"
"Mantadia",1.879,0.1,0,-0.945764936327678,-0.198968181587242,"VVE035",0.01,-4767.05457108814,-7889.68096742109,-1592.01322415354,"Established PA
(Mantadia)"
"Mantadia",1.942,1.9,0,-0.534028914378188,0.377528660900168,"VVE036",0.05,-4100.29633114262,-16867.2590733029,-24.1912076057766,"Established PA
(Mantadia)"
"Mantadia",1.336,1,0,0.346329757213633,0.247791088082666,"VVE037",0.08,1876.86226157152,-24582.680341956,-356.570338099417,"Established PA
(Mantadia)"
"Mantadia",1.332,0.3,0,-0.739519760783976,0.163644692719324,"VVE038",0,1956.43584875532,-2715.24189711901,-1372.00911063157,"Established PA
(Mantadia)"
"Mantadia",1.326,4,0,0.9756648838841,-1.13402493534825,"VVE039",0.08,-3274.14803583001,-104.145951271262,-1667.51712217189,"Established PA
(Mantadia)"
"Mantadia",1.367,3.2,0,-1.36872000420147,-0.279357172159405,"VVE040",0.02,-3157.05256407548,-16941.2293652394,-1348.83283828019,"Established PA
(Mantadia)"
"Mantadia",1.367,1.3,0,-0.361368153740265,-0.429640727921245,"VVE041",0.15,-9689.82881114038,-24593.1516561786,-899.196288892961,"Established PA
(Mantadia)"
"Mantadia",1.367,0.5,0,-0.676995808428932,-0.58033116928698,"VVE042",0.12,-5273.97012126712,-23697.3837060046,-49.9659164705729,"Established PA
(Mantadia)"
"Mantadia",1.367,2,0,0.996349376168799,-1.44692553395237,"VVE043",0.01,-10713.3323323065,-24982.3644024496,-545.167561740664,"Established PA
(Mantadia)"
"Mantadia",1.962,2.3,1,1.54748174471306,-1.78514667250614,"VVE044",0.5,-5123.46614596161,-18640.0387750961,715.714130884765,"Established PA
(Mantadia)"
"Mantadia",0.831,0.3,0,1.47865156481815,-1.95929080997846,"VVE045",0.01,-8138.26061088159,-23105.7591087594,-1186.16788098729,"Established PA
(Mantadia)"
"Mantadia",0.754,1.5,0,1.47134586574935,0.00164651644811892,"VVE046",6,-11092.0679300791,-24578.3887792268,-170.533693153379,"Established PA
(Mantadia)"
